[
  {
    "text": "Opcja 1",
    "confidence": 0.95,
    "box": [[200, 200], [320, 200], [320, 230], [200, 230]],
    "dots": [[210, 215], [230, 215], [250, 215], [270, 215], [290, 215]]
  },
  {
    "text": "",
    "confidence": -1.0,
    "box": [[330, 200], [360, 200], [360, 230], [330, 230]],
    "dots": []
  },
  {
    "text": "Opcja 2",
    "confidence": 0.94,
    "box": [[370, 200], [490, 200], [490, 230], [370, 230]],
    "dots": [[380, 215], [400, 215], [420, 215], [440, 215], [460, 215]]
  },
  {
    "text": "",
    "confidence": -1.0,
    "box": [[500, 200], [530, 200], [530, 230], [500, 230]],
    "dots": []
  },
  {
    "text": "Opcja 3",
    "confidence": 0.93,
    "box": [[540, 200], [660, 200], [660, 230], [540, 230]],
    "dots": [[550, 215], [570, 215], [590, 215], [610, 215], [630, 215]]
  },

  {
    "text": "",
    "confidence": -1.0,
    "box": [[200, 240], [660, 240], [660, 250], [200, 250]],
    "dots": []
  },

  {
    "text": "Opcja A",
    "confidence": 0.96,
    "box": [[200, 260], [320, 260], [320, 290], [200, 290]],
    "dots": [[210, 275], [230, 275], [250, 275], [270, 275], [290, 275]]
  },
  {
    "text": "",
    "confidence": -1.0,
    "box": [[330, 260], [360, 260], [360, 290], [330, 290]],
    "dots": []
  },
  {
    "text": "Opcja B",
    "confidence": 0.95,
    "box": [[370, 260], [490, 260], [490, 290], [370, 290]],
    "dots": [[380, 275], [400, 275], [420, 275], [440, 275], [460, 275]]
  },
  {
    "text": "",
    "confidence": -1.0,
    "box": [[500, 260], [530, 260], [530, 290], [500, 290]],
    "dots": []
  },
  {
    "text": "Opcja C",
    "confidence": 0.94,
    "box": [[540, 260], [660, 260], [660, 290], [540, 290]],
    "dots": [[550, 275], [570, 275], [590, 275], [610, 275], [630, 275]]
  }
]
