{
  "pan_x": -800.0,
  "pan_y": -320.0,
  "zoom": 0.23,
  "screens": [
    {
      "path": "E:\\BOT ANK\\bot\\moje_AI\\yolov8\\FULL BOT\\data\\screen\\raw\\raw_screens_current\\screenshot.png",
      "x": 0.0,
      "y": 0.0,
      "w": 700.0,
      "h": 393.75
    },
    {
      "path": "E:\\BOT ANK\\bot\\moje_AI\\yolov8\\FULL BOT\\data\\screen\\debug\\ocr_strip1.png",
      "x": 0.0,
      "y": 520.0,
      "w": 700.0,
      "h": 47.03125
    },
    {
      "path": "E:\\BOT ANK\\bot\\moje_AI\\yolov8\\FULL BOT\\data\\screen\\debug\\ocr_strip1_active.png",
      "x": 0.0,
      "y": 1040.0,
      "w": 324.0,
      "h": 129.0
    },
    {
      "path": "E:\\BOT ANK\\bot\\moje_AI\\yolov8\\FULL BOT\\data\\screen\\debug\\ocr_strip2_center.png",
      "x": 0.0,
      "y": 1560.0,
      "w": 672.0,
      "h": 64.0
    },
    {
      "path": "E:\\BOT ANK\\bot\\moje_AI\\yolov8\\FULL BOT\\data\\screen\\region_grow\\region_grow_annot_current\\region_grow_annot_current.png",
      "x": 1400.0,
      "y": 0.0,
      "w": 700.0,
      "h": 393.75
    },
    {
      "path": "E:\\BOT ANK\\bot\\moje_AI\\yolov8\\FULL BOT\\data\\screen\\hover\\hover_input_current\\hover_input.png",
      "x": 3800.0,
      "y": 520.0,
      "w": 700.0,
      "h": 350.0
    },
    {
      "path": "E:\\BOT ANK\\bot\\moje_AI\\yolov8\\FULL BOT\\data\\screen\\hover\\hover_path_current\\hover_path.png",
      "x": 3800.0,
      "y": 1040.0,
      "w": 700.0,
      "h": 350.0
    },
    {
      "path": "E:\\BOT ANK\\bot\\moje_AI\\yolov8\\FULL BOT\\data\\screen\\hover\\hover_speed_current\\hover_speed.png",
      "x": 3800.0,
      "y": 1560.0,
      "w": 700.0,
      "h": 393.75
    },
    {
      "path": "E:\\BOT ANK\\bot\\moje_AI\\yolov8\\FULL BOT\\data\\screen\\hover\\hover_output_current\\hover_output.png",
      "x": 3800.0,
      "y": 2080.0,
      "w": 700.0,
      "h": 393.75
    }
  ],
  "json_objects": [
    {
      "path": "E:\\BOT ANK\\bot\\moje_AI\\yolov8\\FULL BOT\\data\\screen\\region_grow\\region_grow_current\\region_grow.json",
      "x": 2600.0,
      "y": 0.0,
      "w": 260.0,
      "h": 180.0
    },
    {
      "path": "E:\\BOT ANK\\bot\\moje_AI\\yolov8\\FULL BOT\\data\\screen\\hover\\hover_output_current\\hover_output.json",
      "x": 3800.0,
      "y": 0.0,
      "w": 260.0,
      "h": 180.0
    },
    {
      "path": "E:\\BOT ANK\\bot\\moje_AI\\yolov8\\FULL BOT\\data\\screen\\rate\\rate_results_current\\rating.json",
      "x": 5000.0,
      "y": 0.0,
      "w": 260.0,
      "h": 180.0
    },
    {
      "path": "E:\\BOT ANK\\bot\\moje_AI\\yolov8\\FULL BOT\\data\\screen\\rate\\rate_summary_current\\summary.json",
      "x": 6200.0,
      "y": 520.0,
      "w": 260.0,
      "h": 180.0
    },
    {
      "path": "E:\\BOT ANK\\bot\\moje_AI\\yolov8\\FULL BOT\\data\\screen\\rate\\rate_summary_current\\screen_20251208_170225_635646_rg_small_summary.json",
      "x": 6200.0,
      "y": 1040.0,
      "w": 260.0,
      "h": 180.0
    },
    {
      "path": "E:\\BOT ANK\\bot\\moje_AI\\yolov8\\FULL BOT\\data\\screen\\rate\\rate_summary_current\\screen_20251209_192615_692653_rg_small_summary.json",
      "x": 6200.0,
      "y": 1560.0,
      "w": 260.0,
      "h": 180.0
    },
    {
      "path": "E:\\BOT ANK\\bot\\moje_AI\\yolov8\\FULL BOT\\data\\screen\\rate\\rate_summary_current\\screen_20251209_205627_519045_rg_small_summary.json",
      "x": 6200.0,
      "y": 2080.0,
      "w": 260.0,
      "h": 180.0
    },
    {
      "path": "E:\\BOT ANK\\bot\\moje_AI\\yolov8\\FULL BOT\\data\\screen\\rate\\rate_summary_current\\screen_20251210_163903_140171_rg_small_summary.json",
      "x": 6200.0,
      "y": 2600.0,
      "w": 260.0,
      "h": 180.0
    },
    {
      "path": "E:\\BOT ANK\\bot\\moje_AI\\yolov8\\FULL BOT\\data\\screen\\rate\\rate_summary_current\\screen_20251210_183210_912496_rg_small_summary.json",
      "x": 6200.0,
      "y": 3120.0,
      "w": 260.0,
      "h": 180.0
    },
    {
      "path": "E:\\BOT ANK\\bot\\moje_AI\\yolov8\\FULL BOT\\data\\screen\\rate\\rate_summary_current\\screen_20251210_184344_801205_rg_small_summary.json",
      "x": 6200.0,
      "y": 3640.0,
      "w": 260.0,
      "h": 180.0
    },
    {
      "path": "E:\\BOT ANK\\bot\\moje_AI\\yolov8\\FULL BOT\\data\\screen\\rate\\rate_summary_current\\screen_20251211_163422_833776_rg_small_summary.json",
      "x": 6200.0,
      "y": 4160.0,
      "w": 260.0,
      "h": 180.0
    },
    {
      "path": "E:\\BOT ANK\\bot\\moje_AI\\yolov8\\FULL BOT\\data\\screen\\rate\\rate_summary_current\\screen_20251211_174629_440069_rg_small_summary.json",
      "x": 6200.0,
      "y": 4680.0,
      "w": 260.0,
      "h": 180.0
    },
    {
      "path": "E:\\BOT ANK\\bot\\moje_AI\\yolov8\\FULL BOT\\data\\screen\\rate\\rate_summary_current\\screen_20251211_182836_545265_rg_small_summary.json",
      "x": 6200.0,
      "y": 5200.0,
      "w": 260.0,
      "h": 180.0
    },
    {
      "path": "E:\\BOT ANK\\bot\\moje_AI\\yolov8\\FULL BOT\\data\\screen\\rate\\rate_summary_current\\screen_20251211_190100_137529_rg_small_summary.json",
      "x": 6200.0,
      "y": 0.0,
      "w": 260.0,
      "h": 180.0
    }
  ],
  "notes": [
    {
      "text": "screenshot.png",
      "x": 0.0,
      "y": 423.75,
      "w": 260.0,
      "h": 70.0
    },
    {
      "text": "ocr_strip1.png",
      "x": 0.0,
      "y": 597.03125,
      "w": 260.0,
      "h": 70.0
    },
    {
      "text": "ocr_strip1_active.png",
      "x": 0.0,
      "y": 1199.0,
      "w": 260.0,
      "h": 70.0
    },
    {
      "text": "ocr_strip2_center.png",
      "x": 0.0,
      "y": 1654.0,
      "w": 260.0,
      "h": 70.0
    },
    {
      "text": "region_grow_annot_current.png",
      "x": 1400.0,
      "y": 423.75,
      "w": 260.0,
      "h": 70.0
    },
    {
      "text": "hover_input.png",
      "x": 3800.0,
      "y": 900.0,
      "w": 260.0,
      "h": 70.0
    },
    {
      "text": "hover_path.png",
      "x": 3800.0,
      "y": 1420.0,
      "w": 260.0,
      "h": 70.0
    },
    {
      "text": "hover_speed.png",
      "x": 3800.0,
      "y": 1983.75,
      "w": 260.0,
      "h": 70.0
    },
    {
      "text": "hover_output.png",
      "x": 3800.0,
      "y": 2503.75,
      "w": 260.0,
      "h": 70.0
    }
  ],
  "lines": [
    {
      "x1": 700.0,
      "y1": 196.875,
      "x2": 1400.0,
      "y2": 196.875
    },
    {
      "x1": 2100.0,
      "y1": 196.875,
      "x2": 2600.0,
      "y2": 90.0
    },
    {
      "x1": 2860.0,
      "y1": 90.0,
      "x2": 3800.0,
      "y2": 90.0
    },
    {
      "x1": 2860.0,
      "y1": 90.0,
      "x2": 5000.0,
      "y2": 90.0
    },
    {
      "x1": 5260.0,
      "y1": 90.0,
      "x2": 6200.0,
      "y2": 90.0
    },
    {
      "x1": 350.0,
      "y1": 393.75,
      "x2": 350.0,
      "y2": 520.0
    },
    {
      "x1": 350.0,
      "y1": 393.75,
      "x2": 162.0,
      "y2": 1040.0
    },
    {
      "x1": 350.0,
      "y1": 393.75,
      "x2": 336.0,
      "y2": 1560.0
    },
    {
      "x1": 3930.0,
      "y1": 180.0,
      "x2": 4150.0,
      "y2": 520.0
    },
    {
      "x1": 3930.0,
      "y1": 180.0,
      "x2": 4150.0,
      "y2": 1040.0
    },
    {
      "x1": 3930.0,
      "y1": 180.0,
      "x2": 4150.0,
      "y2": 1560.0
    },
    {
      "x1": 3930.0,
      "y1": 180.0,
      "x2": 4150.0,
      "y2": 2080.0
    },
    {
      "x1": 6330.0,
      "y1": 180.0,
      "x2": 6330.0,
      "y2": 520.0
    },
    {
      "x1": 6330.0,
      "y1": 180.0,
      "x2": 6330.0,
      "y2": 1040.0
    },
    {
      "x1": 6330.0,
      "y1": 180.0,
      "x2": 6330.0,
      "y2": 1560.0
    },
    {
      "x1": 6330.0,
      "y1": 180.0,
      "x2": 6330.0,
      "y2": 2080.0
    },
    {
      "x1": 6330.0,
      "y1": 180.0,
      "x2": 6330.0,
      "y2": 2600.0
    },
    {
      "x1": 6330.0,
      "y1": 180.0,
      "x2": 6330.0,
      "y2": 3120.0
    },
    {
      "x1": 6330.0,
      "y1": 180.0,
      "x2": 6330.0,
      "y2": 3640.0
    },
    {
      "x1": 6330.0,
      "y1": 180.0,
      "x2": 6330.0,
      "y2": 4160.0
    },
    {
      "x1": 6330.0,
      "y1": 180.0,
      "x2": 6330.0,
      "y2": 4680.0
    },
    {
      "x1": 6330.0,
      "y1": 180.0,
      "x2": 6330.0,
      "y2": 5200.0
    }
  ]
}