[
  {
    "index": 0,
    "text": "Auto context",
    "confidence": 0.9976391196250916,
    "box": [
      [
        92.0,
        658.0
      ],
      [
        156.0,
        658.0
      ],
      [
        156.0,
        671.0
      ],
      [
        92.0,
        671.0
      ]
    ],
    "dots": [
      [
        92.0,
        672.0
      ],
      [
        98.04036217904869,
        672.0
      ],
      [
        108.7576357478174,
        674.3898498863957
      ],
      [
        114.53548799600026,
        676.1657570866452
      ],
      [
        143.4383370272001,
        675.3006946172173
      ],
      [
        156.0,
        676.970929490117
      ]
    ],
    "bg_cluster_id": 0,
    "center_x": 124.0,
    "center_y": 664.5
  },
  {
    "index": 1,
    "text": "Chivas",
    "confidence": 0.9968338012695312,
    "box": [
      [
        698.0,
        517.0
      ],
      [
        743.0,
        517.0
      ],
      [
        743.0,
        534.0
      ],
      [
        698.0,
        534.0
      ]
    ],
    "dots": [
      [
        698.0,
        536.9621504263301
      ],
      [
        704.0134775166108,
        535.246422045145
      ],
      [
        711.6234344576762,
        535.0
      ],
      [
        723.3807851474854,
        535.0
      ],
      [
        743.0,
        535.0
      ]
    ],
    "bg_cluster_id": 1,
    "center_x": 720.5,
    "center_y": 525.5
  },
  {
    "index": 2,
    "text": "Czego chcesz postuchac?",
    "confidence": 0.9947158098220825,
    "box": [
      [
        191.0,
        41.0
      ],
      [
        356.0,
        41.0
      ],
      [
        356.0,
        60.0
      ],
      [
        191.0,
        60.0
      ]
    ],
    "dots": [
      [
        191.0,
        65.98749162778489
      ],
      [
        198.70892197879118,
        66.73381307257657
      ],
      [
        208.31632397852476,
        66.39858417491973
      ],
      [
        213.98409667122016,
        65.1242383011239
      ],
      [
        245.81189051413833,
        63.30348801681805
      ],
      [
        274.2240335653029,
        62.858033310454346
      ],
      [
        301.42315321260116,
        64.24606469069722
      ],
      [
        329.6206033651293,
        63.674736905129336
      ],
      [
        354.41111430223583,
        61.0
      ],
      [
        356.0,
        62.64872823593335
      ]
    ],
    "bg_cluster_id": 1,
    "center_x": 273.5,
    "center_y": 50.5
  },
  {
    "index": 3,
    "text": "Initializing pipeline.",
    "confidence": 0.9944047331809998,
    "box": [
      [
        1021.0,
        592.0
      ],
      [
        1140.0,
        592.0
      ],
      [
        1140.0,
        605.0
      ],
      [
        1021.0,
        605.0
      ]
    ],
    "dots": [
      [
        1021.0,
        610.7663988646849
      ],
      [
        1036.7298144920035,
        607.9128658288948
      ],
      [
        1042.3872018983802,
        608.4786825517625
      ],
      [
        1049.4728713478758,
        609.8871520509066
      ],
      [
        1059.146283919976,
        610.8462007334305
      ],
      [
        1066.917429551014,
        606.1877478443126
      ],
      [
        1077.8368851495597,
        606.0
      ],
      [
        1088.4804588448287,
        606.0
      ],
      [
        1094.944009168974,
        606.0
      ],
      [
        1105.8308892819334,
        609.2031483517176
      ],
      [
        1114.71722250237,
        606.0
      ],
      [
        1120.9239342815724,
        606.0
      ],
      [
        1130.981802540706,
        606.0
      ],
      [
        1136.290232656269,
        606.042705483519
      ],
      [
        1140.0,
        607.9385689554085
      ]
    ],
    "bg_cluster_id": 2,
    "center_x": 1080.5,
    "center_y": 598.5
  },
  {
    "index": 4,
    "text": "Chivas",
    "confidence": 0.9930004477500916,
    "box": [
      [
        64.0,
        583.0
      ],
      [
        100.0,
        583.0
      ],
      [
        100.0,
        601.0
      ],
      [
        64.0,
        601.0
      ]
    ],
    "dots": [
      [
        64.0,
        602.0
      ],
      [
        73.96808964353406,
        602.0
      ],
      [
        86.13927095400499,
        606.5669238135438
      ],
      [
        100.0,
        608.942398864685
      ]
    ],
    "bg_cluster_id": 1,
    "center_x": 82.0,
    "center_y": 592.0
  },
  {
    "index": 5,
    "text": "INFO",
    "confidence": 0.9922266006469727,
    "box": [
      [
        489.0,
        670.0
      ],
      [
        508.0,
        670.0
      ],
      [
        508.0,
        679.0
      ],
      [
        489.0,
        679.0
      ]
    ],
    "dots": [
      [
        489.0,
        680.0
      ],
      [
        508.0,
        683.0148908430385
      ]
    ],
    "bg_cluster_id": 0,
    "center_x": 498.5,
    "center_y": 674.5
  },
  {
    "index": 6,
    "text": "Ask for follow-up changes",
    "confidence": 0.991799533367157,
    "box": [
      [
        45.0,
        623.0
      ],
      [
        149.0,
        623.0
      ],
      [
        149.0,
        637.0
      ],
      [
        45.0,
        637.0
      ]
    ],
    "dots": [
      [
        45.0,
        638.0
      ],
      [
        54.177808199706284,
        638.1835303188601
      ],
      [
        75.86462818662748,
        638.5726709010902
      ],
      [
        93.14066192384166,
        643.2026236142381
      ],
      [
        118.91999283296775,
        642.8028863605684
      ],
      [
        125.9755880983788,
        641.3024923126159
      ],
      [
        134.97942301147492,
        640.761552367507
      ],
      [
        144.79920581033784,
        640.1346707251362
      ],
      [
        149.0,
        639.5651400535864
      ]
    ],
    "bg_cluster_id": 1,
    "center_x": 97.0,
    "center_y": 630.0
  },
  {
    "index": 7,
    "text": "OCR ready. Waiting for pipeline start.",
    "confidence": 0.9899261593818665,
    "box": [
      [
        1020.0,
        614.0
      ],
      [
        1223.0,
        614.0
      ],
      [
        1223.0,
        631.0
      ],
      [
        1020.0,
        631.0
      ]
    ],
    "dots": [
      [
        1020.0,
        634.6156591681987
      ],
      [
        1052.106956681301,
        633.5360129815011
      ],
      [
        1061.40160761928,
        634.0820500783552
      ],
      [
        1069.4564457937947,
        633.7246891453378
      ],
      [
        1079.6002137112591,
        637.2568949655818
      ],
      [
        1091.5156799435572,
        638.5911475072284
      ],
      [
        1102.1873296812764,
        636.8489972545908
      ],
      [
        1127.9688666532227,
        638.6559864854332
      ],
      [
        1156.8697763476116,
        638.3068459089761
      ],
      [
        1175.0986871362634,
        636.7179990617183
      ],
      [
        1183.1401220374805,
        638.6416536798841
      ],
      [
        1194.3753753282701,
        637.4438496997168
      ],
      [
        1202.8397091488755,
        638.5803059586324
      ],
      [
        1212.762595642137,
        639.0045112514433
      ],
      [
        1223.0,
        637.2105705218087
      ]
    ],
    "bg_cluster_id": 2,
    "center_x": 1121.5,
    "center_y": 622.5
  },
  {
    "index": 8,
    "text": "Dziewczyny czuja zazdrosc (zazdrosc)",
    "confidence": 0.9880107045173645,
    "box": [
      [
        124.0,
        248.0
      ],
      [
        599.0,
        248.0
      ],
      [
        599.0,
        274.0
      ],
      [
        124.0,
        274.0
      ]
    ],
    "dots": [
      [
        124.0,
        278.26037712461755
      ],
      [
        148.40932533614887,
        278.15732851398997
      ],
      [
        173.98635911969382,
        275.72361862964806
      ],
      [
        196.5057603165274,
        278.8653115567775
      ],
      [
        220.10526183165786,
        280.1269106768418
      ],
      [
        245.11425730544482,
        282.0202782139416
      ],
      [
        257.07281561180037,
        281.21922202436
      ],
      [
        268.1371381135424,
        278.33272139371184
      ],
      [
        277.4244998073949,
        277.7598543745393
      ],
      [
        283.1232320957492,
        281.26636052869077
      ],
      [
        293.74814000166276,
        281.7934981963147
      ],
      [
        303.15795819237917,
        281.8933666912038
      ],
      [
        312.1708508336327,
        279.0260781053025
      ],
      [
        317.6443888250837,
        282.4420166574143
      ],
      [
        329.1432287195496,
        281.906082700854
      ],
      [
        339.1048054621301,
        280.7232792359393
      ],
      [
        364.2717940347785,
        280.5123993223249
      ],
      [
        393.22024214504745,
        282.99875840394947
      ],
      [
        415.7017699973189,
        282.75337731721703
      ],
      [
        440.6192230595498,
        283.0703531134014
      ],
      [
        456.2060468416046,
        279.4355234276319
      ],
      [
        465.33525082138107,
        280.0041002931368
      ],
      [
        490.12768792195925,
        278.1483122022192
      ],
      [
        516.864560750258,
        277.57676925680346
      ],
      [
        538.8318480208319,
        280.7562075925257
      ],
      [
        571.8758512788228,
        277.3951994260414
      ],
      [
        596.1579641463665,
        279.4575240171403
      ],
      [
        599.0,
        279.4484164938397
      ]
    ],
    "bg_cluster_id": 0,
    "center_x": 361.5,
    "center_y": 261.0
  },
  {
    "index": 9,
    "text": "Polubione utwory",
    "confidence": 0.9877654910087585,
    "box": [
      [
        699.0,
        99.0
      ],
      [
        816.0,
        99.0
      ],
      [
        816.0,
        115.0
      ],
      [
        699.0,
        115.0
      ]
    ],
    "dots": [
      [
        699.0,
        120.10945296410603
      ],
      [
        704.9385314842424,
        118.32514282968171
      ],
      [
        712.9592318684639,
        119.9306968229255
      ],
      [
        739.8391467675481,
        120.91439812326749
      ],
      [
        759.2796434185381,
        118.32550303718574
      ],
      [
        771.0141333575473,
        117.91142959590553
      ],
      [
        776.9489408461669,
        118.26885470776016
      ],
      [
        785.5152188880486,
        118.21956704384382
      ],
      [
        796.601020688617,
        117.9825687211806
      ],
      [
        807.316721688239,
        117.03502982537798
      ],
      [
        816.0,
        116.0
      ]
    ],
    "bg_cluster_id": 1,
    "center_x": 757.5,
    "center_y": 107.0
  },
  {
    "index": 10,
    "text": "Terminal",
    "confidence": 0.9873167276382446,
    "box": [
      [
        200.0,
        7.0
      ],
      [
        231.0,
        7.0
      ],
      [
        231.0,
        17.0
      ],
      [
        200.0,
        17.0
      ]
    ],
    "dots": [
      [
        200.0,
        22.66073276479192
      ],
      [
        221.2519951835532,
        20.449370964975436
      ],
      [
        231.0,
        18.0
      ]
    ],
    "bg_cluster_id": 1,
    "center_x": 215.5,
    "center_y": 12.0
  },
  {
    "index": 11,
    "text": "kupicjej gaz czytorebke?",
    "confidence": 0.9856405258178711,
    "box": [
      [
        699.0,
        494.0
      ],
      [
        947.0,
        494.0
      ],
      [
        947.0,
        516.0
      ],
      [
        699.0,
        516.0
      ]
    ],
    "dots": [
      [
        699.0,
        517.1
      ],
      [
        709.0981685635068,
        520.3768367630538
      ],
      [
        736.6727249983592,
        520.3121428791112
      ],
      [
        761.988876130902,
        517.1
      ],
      [
        779.7935132609758,
        517.1
      ],
      [
        811.2740570247782,
        517.1
      ],
      [
        820.4250795553082,
        517.1
      ],
      [
        828.9935107414551,
        517.1
      ],
      [
        836.1863866586734,
        517.1
      ],
      [
        841.7275339697172,
        518.3091718069222
      ],
      [
        852.8572153999668,
        518.191034259911
      ],
      [
        863.7304652589248,
        517.1
      ],
      [
        870.4876176828076,
        517.1
      ],
      [
        876.7420160880949,
        517.1
      ],
      [
        888.9636438458306,
        517.1
      ],
      [
        914.6900530808384,
        517.1
      ],
      [
        938.4109004744099,
        519.781370148185
      ],
      [
        947.0,
        517.7075511896428
      ]
    ],
    "bg_cluster_id": 1,
    "center_x": 823.0,
    "center_y": 505.0
  },
  {
    "index": 12,
    "text": "Hotkeys: P-pipeline, O-region_grow, L-recorder, I-rating, K-control agent.",
    "confidence": 0.979285478591919,
    "box": [
      [
        515.0,
        646.0
      ],
      [
        863.0,
        646.0
      ],
      [
        863.0,
        659.0
      ],
      [
        515.0,
        659.0
      ]
    ],
    "dots": [
      [
        515.0,
        661.4529420711663
      ],
      [
        530.7167859441964,
        665.4696893233452
      ],
      [
        561.7844383369458,
        663.2865495963166
      ],
      [
        576.2748446301758,
        665.060838158956
      ],
      [
        608.0426518861941,
        664.2676996352384
      ],
      [
        630.4644162302748,
        662.02356007457
      ],
      [
        659.9808189343335,
        664.8910565257927
      ],
      [
        678.0388134084034,
        663.0941527562466
      ],
      [
        705.2510826659992,
        664.7539202339822
      ],
      [
        734.4522030812365,
        661.7243392053733
      ],
      [
        760.3968011015337,
        660.0
      ],
      [
        793.2521820960905,
        661.6196039799524
      ],
      [
        807.6354500503569,
        661.2029957915272
      ],
      [
        838.0468104317602,
        662.8218802154578
      ],
      [
        856.6008129872916,
        661.8129677364167
      ],
      [
        863.0,
        660.0
      ]
    ],
    "bg_cluster_id": 1,
    "center_x": 689.0,
    "center_y": 652.5
  },
  {
    "index": 13,
    "text": "pressed-starting pipeline",
    "confidence": 0.9791991710662842,
    "box": [
      [
        560.0,
        679.0
      ],
      [
        697.0,
        679.0
      ],
      [
        697.0,
        695.0
      ],
      [
        560.0,
        695.0
      ]
    ],
    "dots": [
      [
        560.0,
        698.0355096875066
      ],
      [
        588.6188070268133,
        696.0
      ],
      [
        615.7416362242307,
        696.0
      ],
      [
        623.0919164611131,
        696.0
      ],
      [
        630.4481489703207,
        697.0351345677634
      ],
      [
        661.874608529475,
        696.0
      ],
      [
        691.4640407641301,
        696.8254594951011
      ],
      [
        697.0,
        697.5751902017109
      ]
    ],
    "bg_cluster_id": 0,
    "center_x": 628.5,
    "center_y": 687.0
  },
  {
    "index": 14,
    "text": "trator",
    "confidence": 0.9769739508628845,
    "box": [
      [
        672.0,
        8.0
      ],
      [
        695.0,
        8.0
      ],
      [
        695.0,
        17.0
      ],
      [
        672.0,
        17.0
      ]
    ],
    "dots": [
      [
        672.0,
        22.863917564755
      ],
      [
        689.8131454173314,
        19.272597474742263
      ],
      [
        695.0,
        19.142678880725306
      ]
    ],
    "bg_cluster_id": 3,
    "center_x": 683.5,
    "center_y": 12.5
  },
  {
    "index": 15,
    "text": "Nie ufaja kolezankom,ukradzione auto",
    "confidence": 0.9742621183395386,
    "box": [
      [
        123.0,
        295.0
      ],
      [
        612.0,
        295.0
      ],
      [
        612.0,
        324.0
      ],
      [
        123.0,
        324.0
      ]
    ],
    "dots": [
      [
        123.0,
        326.537305371419
      ],
      [
        134.31180743687642,
        325.9729502960738
      ],
      [
        139.72262926545122,
        325.94077761756927
      ],
      [
        150.56291188648234,
        326.4205508610961
      ],
      [
        158.45183895958252,
        329.14164845618154
      ],
      [
        164.0215852557804,
        328.59941626692387
      ],
      [
        172.07336974797911,
        327.48448181905144
      ],
      [
        182.2031224339169,
        327.8346563582523
      ],
      [
        191.8186230316705,
        326.98442918228767
      ],
      [
        199.5618991939009,
        328.1961608751791
      ],
      [
        209.42713983157353,
        325.62797116756747
      ],
      [
        216.12021804290282,
        327.4274537455117
      ],
      [
        226.2661448053057,
        329.8056027653189
      ],
      [
        232.30918435049907,
        329.9697020715883
      ],
      [
        241.1313198773347,
        330.5025269535067
      ],
      [
        247.7696331707047,
        331.37202127742864
      ],
      [
        254.88727246514588,
        330.33511418088904
      ],
      [
        270.883984469851,
        332.49167993579056
      ],
      [
        295.6880688459337,
        332.4271577075468
      ],
      [
        306.0363003336003,
        331.22922643731727
      ],
      [
        330.9004545954464,
        328.40009440565973
      ],
      [
        348.2982177943564,
        329.7659736688022
      ],
      [
        367.3570893584827,
        330.4597324869043
      ],
      [
        389.07291430679317,
        327.30749160754823
      ],
      [
        395.37896034399176,
        330.6658330430514
      ],
      [
        400.7027803648797,
        329.14143300321274
      ],
      [
        409.23763678912695,
        328.86219288063523
      ],
      [
        419.40613912164656,
        328.5572570335164
      ],
      [
        428.4284810723619,
        330.57931312767073
      ],
      [
        445.9403904872676,
        330.38435417739936
      ],
      [
        474.7859627512687,
        326.1540590572602
      ],
      [
        504.17748284669483,
        326.1931916449864
      ],
      [
        511.75348658627036,
        327.32320465770067
      ],
      [
        521.88470238237,
        329.0282482549419
      ],
      [
        529.1527740846574,
        326.6423630246363
      ],
      [
        540.3395388374975,
        327.7562932430294
      ],
      [
        549.0360622136332,
        327.00437688347324
      ],
      [
        560.1062531287973,
        329.6363789846906
      ],
      [
        571.2196483198248,
        329.13935914048307
      ],
      [
        578.669083814874,
        332.6160170190327
      ],
      [
        585.7590742308129,
        333.20610240852716
      ],
      [
        596.440282090828,
        333.9766324243294
      ],
      [
        602.3203622688662,
        329.747454640612
      ],
      [
        612.0,
        329.0624259218831
      ]
    ],
    "bg_cluster_id": 0,
    "center_x": 367.5,
    "center_y": 309.5
  },
  {
    "index": 16,
    "text": "Chca, zebys dat sie za",
    "confidence": 0.9735673666000366,
    "box": [
      [
        124.0,
        345.0
      ],
      [
        392.0,
        345.0
      ],
      [
        392.0,
        375.0
      ],
      [
        124.0,
        375.0
      ]
    ],
    "dots": [
      [
        124.0,
        383.2845122159971
      ],
      [
        133.8577103754684,
        383.696340169021
      ],
      [
        153.63229912537173,
        381.4286557737797
      ],
      [
        174.75520014060632,
        382.3838397931888
      ],
      [
        192.77696078230878,
        380.2510944783836
      ],
      [
        220.74038409407515,
        380.91665090176457
      ],
      [
        249.03471867857752,
        382.6068209849613
      ],
      [
        272.3028578348733,
        378.6013368006541
      ],
      [
        288.71227656438253,
        380.5823401543063
      ],
      [
        303.6787005451839,
        381.0584404373634
      ],
      [
        311.6042578711376,
        379.7683599568611
      ],
      [
        317.0745956500401,
        377.37808174604515
      ],
      [
        325.1087116623315,
        378.55675003701816
      ],
      [
        335.5877800571684,
        377.58438462430064
      ],
      [
        346.43005900563827,
        377.6570048000141
      ],
      [
        358.18571844141405,
        377.64493184247664
      ],
      [
        364.4291522837928,
        377.3728568030213
      ],
      [
        376.2331994253134,
        381.00048450569693
      ],
      [
        384.39367765998446,
        381.4267486107385
      ],
      [
        392.0,
        383.3895010579271
      ]
    ],
    "bg_cluster_id": 0,
    "center_x": 258.0,
    "center_y": 360.0
  },
  {
    "index": 17,
    "text": "ed_debug.json",
    "confidence": 0.9726806282997131,
    "box": [
      [
        1061.0,
        521.0
      ],
      [
        1125.0,
        521.0
      ],
      [
        1125.0,
        536.0
      ],
      [
        1061.0,
        536.0
      ]
    ],
    "dots": [
      [
        1061.0,
        537.0
      ],
      [
        1092.4785525148925,
        537.0
      ],
      [
        1098.6780123136355,
        537.0
      ],
      [
        1107.1696560393364,
        537.0
      ],
      [
        1124.0076317362732,
        537.0781842620728
      ],
      [
        1125.0,
        537.0
      ]
    ],
    "bg_cluster_id": 1,
    "center_x": 1093.0,
    "center_y": 528.5
  },
  {
    "index": 18,
    "text": "Dziewczyny chca na miasto (miasto)",
    "confidence": 0.9719004034996033,
    "box": [
      [
        123.0,
        195.0
      ],
      [
        572.0,
        195.0
      ],
      [
        572.0,
        222.0
      ],
      [
        123.0,
        222.0
      ]
    ],
    "dots": [
      [
        123.0,
        228.31845367339287
      ],
      [
        132.25735069511066,
        225.00289676860564
      ],
      [
        157.51521008210233,
        224.4909405266784
      ],
      [
        169.33248389728726,
        225.8160058890216
      ],
      [
        180.49547553724418,
        228.00576310626218
      ],
      [
        205.9259387559742,
        224.8378149595161
      ],
      [
        231.97498551902288,
        227.85339196031958
      ],
      [
        254.46829453073465,
        224.96169399743832
      ],
      [
        273.84827097715464,
        225.1414827216517
      ],
      [
        298.3476827213834,
        223.37227897482632
      ],
      [
        316.7956460186962,
        225.79500986663078
      ],
      [
        336.2268358135992,
        226.66942165444567
      ],
      [
        360.7792527375364,
        229.35955506406356
      ],
      [
        385.78409701244516,
        228.73615019654716
      ],
      [
        401.5861793867969,
        224.63028281010963
      ],
      [
        425.38132432044546,
        226.0518343248621
      ],
      [
        456.5559263686864,
        227.02647232439222
      ],
      [
        480.0452854347614,
        226.71950659810568
      ],
      [
        504.36789841340845,
        223.48241981844336
      ],
      [
        532.0092488966567,
        224.35562576913685
      ],
      [
        542.4169593646337,
        223.35
      ],
      [
        552.4439603505699,
        223.52231387540218
      ],
      [
        562.0939280871333,
        227.1577890304187
      ],
      [
        569.3452563183872,
        226.23694792919372
      ],
      [
        572.0,
        226.73049266751133
      ]
    ],
    "bg_cluster_id": 0,
    "center_x": 347.5,
    "center_y": 208.5
  },
  {
    "index": 19,
    "text": "kupic jej gaz czytorebke?",
    "confidence": 0.9708616733551025,
    "box": [
      [
        65.0,
        569.0
      ],
      [
        209.0,
        569.0
      ],
      [
        209.0,
        586.0
      ],
      [
        65.0,
        586.0
      ]
    ],
    "dots": [
      [
        65.0,
        591.6170950693875
      ],
      [
        95.91581631861283,
        589.77974703534
      ],
      [
        123.19497577250263,
        590.3231114625296
      ],
      [
        147.33247925275342,
        591.2097614975223
      ],
      [
        162.58097972924062,
        591.4764622089302
      ],
      [
        180.64751034838056,
        588.1992019679263
      ],
      [
        209.0,
        588.8377482952528
      ]
    ],
    "bg_cluster_id": 1,
    "center_x": 137.0,
    "center_y": 577.5
  },
  {
    "index": 20,
    "text": "Waiting for piteration 1",
    "confidence": 0.9702837467193604,
    "box": [
      [
        1020.0,
        641.0
      ],
      [
        1179.0,
        641.0
      ],
      [
        1179.0,
        654.0
      ],
      [
        1020.0,
        654.0
      ]
    ],
    "dots": [
      [
        1020.0,
        655.0
      ],
      [
        1042.6011783387937,
        655.4953803776883
      ],
      [
        1071.6110981558982,
        659.7934382955277
      ],
      [
        1091.3503669197546,
        659.6579674578963
      ],
      [
        1119.2858990384327,
        657.5770427966231
      ],
      [
        1136.0215059304169,
        655.3234894772074
      ],
      [
        1150.5912257622313,
        658.590370577767
      ],
      [
        1176.1173054499873,
        657.0442618211143
      ],
      [
        1179.0,
        655.0354194725974
      ]
    ],
    "bg_cluster_id": 2,
    "center_x": 1099.5,
    "center_y": 647.5
  },
  {
    "index": 21,
    "text": "continuous)",
    "confidence": 0.9673135280609131,
    "box": [
      [
        659.0,
        656.0
      ],
      [
        712.0,
        656.0
      ],
      [
        712.0,
        670.0
      ],
      [
        659.0,
        670.0
      ]
    ],
    "dots": [
      [
        659.0,
        672.1630381436955
      ],
      [
        666.7568987930325,
        671.9959263467075
      ],
      [
        674.7304913465605,
        673.4749510672918
      ],
      [
        685.4853793314345,
        671.0
      ],
      [
        694.2362903029273,
        671.0
      ],
      [
        705.9641084430156,
        671.0
      ],
      [
        712.0,
        671.0
      ]
    ],
    "bg_cluster_id": 0,
    "center_x": 685.5,
    "center_y": 663.0
  },
  {
    "index": 22,
    "text": "Odkryj Premium",
    "confidence": 0.9629716277122498,
    "box": [
      [
        713.0,
        44.0
      ],
      [
        807.0,
        44.0
      ],
      [
        807.0,
        57.0
      ],
      [
        713.0,
        57.0
      ]
    ],
    "dots": [
      [
        713.0,
        60.14072823593334
      ],
      [
        742.1956769177881,
        61.2510428086091
      ],
      [
        749.158502533603,
        63.654495771458954
      ],
      [
        758.309606333727,
        63.642033152885574
      ],
      [
        768.183194975595,
        62.62805089255444
      ],
      [
        779.0833714652725,
        62.75453048782198
      ],
      [
        785.9481847325225,
        63.07896440941495
      ],
      [
        796.9066525571728,
        62.098512458761746
      ],
      [
        804.4082736302082,
        58.0
      ],
      [
        807.0,
        58.0
      ]
    ],
    "bg_cluster_id": 4,
    "center_x": 760.0,
    "center_y": 50.5
  },
  {
    "index": 23,
    "text": "[main 20:35:10] [INF0] Preloaded hover_bot reader.",
    "confidence": 0.9626876711845398,
    "box": [
      [
        409.0,
        622.0
      ],
      [
        644.0,
        622.0
      ],
      [
        644.0,
        639.0
      ],
      [
        409.0,
        639.0
      ]
    ],
    "dots": [
      [
        409.0,
        641.1611400535863
      ],
      [
        414.3524858685161,
        644.1245749583125
      ],
      [
        420.4890367854022,
        640.0
      ],
      [
        431.3490612138075,
        642.0212417721029
      ],
      [
        437.5971352785571,
        643.2738870707567
      ],
      [
        467.79016159770043,
        643.4598344370793
      ],
      [
        500.75600850257365,
        644.2058499658078
      ],
      [
        530.6704553003548,
        640.0
      ],
      [
        562.3121276855885,
        644.5533758825939
      ],
      [
        591.0198887300968,
        644.9696911668752
      ],
      [
        603.0043131393295,
        642.7908470054674
      ],
      [
        636.1692857471448,
        640.8558555781012
      ],
      [
        644.0,
        640.0
      ]
    ],
    "bg_cluster_id": 1,
    "center_x": 526.5,
    "center_y": 630.5
  },
  {
    "index": 24,
    "text": "to moge kupic Ciptaszcz",
    "confidence": 0.9576982259750366,
    "box": [
      [
        123.0,
        146.0
      ],
      [
        435.0,
        146.0
      ],
      [
        435.0,
        175.0
      ],
      [
        123.0,
        175.0
      ]
    ],
    "dots": [
      [
        123.0,
        178.6434085682102
      ],
      [
        142.22194744618534,
        177.86829446507159
      ],
      [
        156.76289074739398,
        181.6197727221929
      ],
      [
        173.0098311392919,
        184.42192122782413
      ],
      [
        203.28226599402032,
        183.4634456888128
      ],
      [
        225.38422265023428,
        183.84185287613957
      ],
      [
        255.7596634497839,
        183.16765960482365
      ],
      [
        272.8782648122236,
        182.56505856801806
      ],
      [
        287.71968944961446,
        183.36333575518302
      ],
      [
        302.1102508467779,
        178.30783807571063
      ],
      [
        325.1458239454962,
        176.59493585728237
      ],
      [
        336.2236264243351,
        177.2559225373019
      ],
      [
        359.93550431466855,
        179.47587083913493
      ],
      [
        375.55921512259056,
        177.71569772479256
      ],
      [
        400.37432702006174,
        178.13492759357766
      ],
      [
        415.80082493579584,
        179.4381795928431
      ],
      [
        425.6591028399937,
        180.01387072528956
      ],
      [
        433.4665211782704,
        177.7180462467989
      ],
      [
        435.0,
        180.0098154691683
      ]
    ],
    "bg_cluster_id": 0,
    "center_x": 279.0,
    "center_y": 160.5
  },
  {
    "index": 25,
    "text": "niezamknac(zamknad)",
    "confidence": 0.9563938975334167,
    "box": [
      [
        123.0,
        380.0
      ],
      [
        415.0,
        380.0
      ],
      [
        415.0,
        406.0
      ],
      [
        123.0,
        406.0
      ]
    ],
    "dots": [
      [
        123.0,
        426.49210259987933
      ],
      [
        134.21374870540592,
        424.4555236406744
      ],
      [
        153.01223665713476,
        427.1315497911489
      ],
      [
        176.67585090539606,
        425.9951065777228
      ],
      [
        192.44021660317352,
        420.1251248717674
      ],
      [
        225.06544755088726,
        422.5354779621337
      ],
      [
        233.5343867804642,
        423.8749395283299
      ],
      [
        242.60869655202276,
        420.86426018530443
      ],
      [
        253.87611720185708,
        419.5545644065777
      ],
      [
        276.85533094651754,
        420.9376868860969
      ],
      [
        288.4535628131738,
        419.8881364178245
      ],
      [
        297.72309880696986,
        425.62200157758184
      ],
      [
        307.65392288344594,
        427.1019983938456
      ],
      [
        319.34725275008793,
        427.1167464029386
      ],
      [
        329.218399061889,
        425.9113982877691
      ],
      [
        339.92459368790117,
        424.11333198486625
      ],
      [
        346.6363346276145,
        424.48551462983824
      ],
      [
        352.28701046741344,
        423.61025229398047
      ],
      [
        358.1407602840683,
        419.7738434093902
      ],
      [
        364.7070041940249,
        420.8862772546911
      ],
      [
        376.74603543641035,
        419.644270694332
      ],
      [
        387.55451604836014,
        422.94469293882446
      ],
      [
        415.0,
        424.78749421396424
      ]
    ],
    "bg_cluster_id": 0,
    "center_x": 269.0,
    "center_y": 393.0
  },
  {
    "index": 26,
    "text": "Pipeline start (interval-3.es",
    "confidence": 0.9447166323661804,
    "box": [
      [
        515.0,
        656.0
      ],
      [
        664.0,
        656.0
      ],
      [
        664.0,
        670.0
      ],
      [
        515.0,
        670.0
      ]
    ],
    "dots": [
      [
        515.0,
        671.0
      ],
      [
        545.795986953531,
        671.0
      ],
      [
        551.5698635245323,
        671.3336385002007
      ],
      [
        557.5372304313707,
        671.0
      ],
      [
        565.372929737967,
        671.0
      ],
      [
        588.1631361242161,
        671.0
      ],
      [
        608.0618348605325,
        671.0
      ],
      [
        634.6892764209199,
        671.0
      ],
      [
        641.8670509045644,
        671.0
      ],
      [
        648.1702654779536,
        671.0
      ],
      [
        655.636145379498,
        671.0
      ],
      [
        663.158505492785,
        671.0
      ],
      [
        664.0,
        672.1630381436955
      ]
    ],
    "bg_cluster_id": 3,
    "center_x": 589.5,
    "center_y": 663.0
  },
  {
    "index": 27,
    "text": "Wpisz tu wyszukiwane slowa",
    "confidence": 0.9413262605667114,
    "box": [
      [
        36.0,
        697.0
      ],
      [
        184.0,
        697.0
      ],
      [
        184.0,
        713.0
      ],
      [
        36.0,
        713.0
      ]
    ],
    "dots": [
      [
        36.0,
        714.0
      ],
      [
        44.789367626698976,
        714.0
      ],
      [
        53.92643934039241,
        714.0
      ],
      [
        62.53676669500166,
        714.3281963109936
      ],
      [
        67.98121542180147,
        717.2513480551935
      ],
      [
        78.49073901448565,
        716.9239333003718
      ],
      [
        86.25109451785741,
        714.2944832520659
      ],
      [
        94.7358267200613,
        714.0
      ],
      [
        106.7864853514245,
        714.0
      ],
      [
        114.9567665922011,
        717.9055840030635
      ],
      [
        122.13298498089097,
        719.6651918501556
      ],
      [
        137.91472675675882,
        716.3691103445818
      ],
      [
        167.46000113850948,
        714.7637013963222
      ],
      [
        184.0,
        714.0
      ]
    ],
    "bg_cluster_id": 3,
    "center_x": 110.0,
    "center_y": 705.0
  },
  {
    "index": 28,
    "text": "Boradosci nie da sie kupic",
    "confidence": 0.9381678700447083,
    "box": [
      [
        125.0,
        114.0
      ],
      [
        447.0,
        114.0
      ],
      [
        447.0,
        136.0
      ],
      [
        125.0,
        136.0
      ]
    ],
    "dots": [
      [
        125.0,
        143.84418341654063
      ],
      [
        153.3229634364527,
        142.18236766584153
      ],
      [
        163.04535132862446,
        140.86082211833855
      ],
      [
        168.77988756748417,
        137.66865671064474
      ],
      [
        176.9780464637019,
        141.07484964643282
      ],
      [
        188.18517045553796,
        141.69549019653425
      ],
      [
        211.31496879993452,
        138.97467414322713
      ],
      [
        218.77443283372617,
        137.7196287554759
      ],
      [
        248.02452986482257,
        137.1
      ],
      [
        259.88464380753953,
        141.9686054387038
      ],
      [
        274.27850588117843,
        142.31050259165747
      ],
      [
        298.2861451029626,
        144.37838427330567
      ],
      [
        330.43056077240306,
        144.0833809236363
      ],
      [
        356.7006979693778,
        139.25524703734453
      ],
      [
        385.32189074638507,
        137.1
      ],
      [
        407.83838434479003,
        140.71269902283782
      ],
      [
        432.630638991167,
        138.19394628092712
      ],
      [
        447.0,
        139.98585957863116
      ]
    ],
    "bg_cluster_id": 0,
    "center_x": 286.0,
    "center_y": 125.0
  },
  {
    "index": 29,
    "text": "Q FULL BOTAdn",
    "confidence": 0.9364067912101746,
    "box": [
      [
        596.0,
        5.0
      ],
      [
        659.0,
        5.0
      ],
      [
        659.0,
        19.0
      ],
      [
        596.0,
        19.0
      ]
    ],
    "dots": [
      [
        596.0,
        24.11059283621337
      ],
      [
        612.8132680088044,
        24.03847575531805
      ],
      [
        644.1394709896152,
        21.459523560511176
      ],
      [
        659.0,
        24.111917564754997
      ]
    ],
    "bg_cluster_id": 0,
    "center_x": 627.5,
    "center_y": 12.0
  },
  {
    "index": 30,
    "text": "[main 20:35:19][INF0] Preloaded region_grow OCR",
    "confidence": 0.9340652227401733,
    "box": [
      [
        412.0,
        635.0
      ],
      [
        637.0,
        635.0
      ],
      [
        637.0,
        649.0
      ],
      [
        412.0,
        649.0
      ]
    ],
    "dots": [
      [
        412.0,
        659.4332171312643
      ],
      [
        444.2343060412375,
        657.6413164502595
      ],
      [
        454.1878114675728,
        659.4225636463826
      ],
      [
        459.5507200096372,
        657.5212662638187
      ],
      [
        470.1900972930562,
        654.7724735279263
      ],
      [
        479.6447734808624,
        654.6471076905044
      ],
      [
        486.31687468653183,
        653.7510534689809
      ],
      [
        494.27332179079036,
        656.382242197784
      ],
      [
        510.5789277089356,
        657.461536659436
      ],
      [
        539.0069481654141,
        655.6043120312261
      ],
      [
        563.9091827387629,
        656.7970696552585
      ],
      [
        580.5366408252069,
        658.6995411061234
      ],
      [
        589.3796167086679,
        658.2303453932943
      ],
      [
        599.5326426078918,
        658.8781105786207
      ],
      [
        609.6881555469813,
        656.9462077321384
      ],
      [
        615.9219103561579,
        654.108104819921
      ],
      [
        637.0,
        652.1180873939634
      ]
    ],
    "bg_cluster_id": 3,
    "center_x": 524.5,
    "center_y": 642.0
  },
  {
    "index": 31,
    "text": "main20:35:19",
    "confidence": 0.9236259460449219,
    "box": [
      [
        412.0,
        656.0
      ],
      [
        479.0,
        656.0
      ],
      [
        479.0,
        670.0
      ],
      [
        412.0,
        670.0
      ]
    ],
    "dots": [
      [
        412.0,
        676.4189294901171
      ],
      [
        430.71629322358416,
        676.3549321703317
      ],
      [
        445.0428686630148,
        674.1002570055165
      ],
      [
        466.7516424612058,
        671.0
      ],
      [
        479.0,
        671.0
      ]
    ],
    "bg_cluster_id": 0,
    "center_x": 445.5,
    "center_y": 663.0
  },
  {
    "index": 32,
    "text": "selectio",
    "confidence": 0.9224141240119934,
    "box": [
      [
        80.0,
        7.0
      ],
      [
        109.0,
        7.0
      ],
      [
        109.0,
        16.0
      ],
      [
        80.0,
        16.0
      ]
    ],
    "dots": [
      [
        80.0,
        17.0
      ],
      [
        91.88445597889167,
        20.918705190571373
      ],
      [
        99.76523936086657,
        19.059912279337063
      ],
      [
        107.81908456492727,
        21.890871443787127
      ],
      [
        109.0,
        21.90003566721338
      ]
    ],
    "bg_cluster_id": 1,
    "center_x": 94.5,
    "center_y": 11.5
  },
  {
    "index": 33,
    "text": "IHelp",
    "confidence": 0.9179221391677856,
    "box": [
      [
        231.0,
        5.0
      ],
      [
        261.0,
        5.0
      ],
      [
        261.0,
        20.0
      ],
      [
        231.0,
        20.0
      ]
    ],
    "dots": [
      [
        231.0,
        21.0
      ],
      [
        252.89790292655871,
        21.0
      ],
      [
        261.0,
        24.842592836213374
      ]
    ],
    "bg_cluster_id": 1,
    "center_x": 246.0,
    "center_y": 12.5
  },
  {
    "index": 34,
    "text": "[main 20:35:19]",
    "confidence": 0.9107914566993713,
    "box": [
      [
        412.0,
        646.0
      ],
      [
        481.0,
        646.0
      ],
      [
        481.0,
        659.0
      ],
      [
        412.0,
        659.0
      ]
    ],
    "dots": [
      [
        412.0,
        660.0
      ],
      [
        431.8455614951069,
        660.8367079219032
      ],
      [
        454.9028882431773,
        660.0
      ],
      [
        481.0,
        660.0
      ]
    ],
    "bg_cluster_id": 3,
    "center_x": 446.5,
    "center_y": 652.5
  },
  {
    "index": 35,
    "text": "main 20:35:19",
    "confidence": 0.8984239101409912,
    "box": [
      [
        413.0,
        670.0
      ],
      [
        476.0,
        670.0
      ],
      [
        476.0,
        679.0
      ],
      [
        413.0,
        679.0
      ]
    ],
    "dots": [
      [
        413.0,
        680.0
      ],
      [
        437.8445355830501,
        680.6382121422638
      ],
      [
        459.4636031864443,
        680.5479590431089
      ],
      [
        476.0,
        680.0
      ]
    ],
    "bg_cluster_id": 0,
    "center_x": 444.5,
    "center_y": 674.5
  },
  {
    "index": 36,
    "text": "Python",
    "confidence": 0.8788061141967773,
    "box": [
      [
        1225.0,
        551.0
      ],
      [
        1276.0,
        551.0
      ],
      [
        1276.0,
        565.0
      ],
      [
        1225.0,
        565.0
      ]
    ],
    "dots": [
      [
        1225.0,
        567.0526626319555
      ],
      [
        1233.9410593279667,
        566.0
      ],
      [
        1240.4960782732092,
        566.0
      ],
      [
        1247.3794335399057,
        566.3604443761835
      ],
      [
        1254.0656873677844,
        566.0
      ],
      [
        1276.0,
        566.0
      ]
    ],
    "bg_cluster_id": 1,
    "center_x": 1250.5,
    "center_y": 558.0
  },
  {
    "index": 37,
    "text": "Warming OCR models..",
    "confidence": 0.8705242276191711,
    "box": [
      [
        1023.0,
        606.0
      ],
      [
        1128.0,
        606.0
      ],
      [
        1128.0,
        615.0
      ],
      [
        1023.0,
        615.0
      ]
    ],
    "dots": [
      [
        1023.0,
        616.0
      ],
      [
        1033.76509051996,
        616.0
      ],
      [
        1042.6559275643963,
        616.0
      ],
      [
        1051.0153982540194,
        616.0
      ],
      [
        1068.2642983216874,
        616.0
      ],
      [
        1093.9841911668523,
        616.8103358747268
      ],
      [
        1113.6430216462754,
        620.3980324769017
      ],
      [
        1128.0,
        619.7740999944804
      ]
    ],
    "bg_cluster_id": 2,
    "center_x": 1075.5,
    "center_y": 610.5
  },
  {
    "index": 38,
    "text": "p...",
    "confidence": 0.8481021523475647,
    "box": [
      [
        1231.0,
        491.0
      ],
      [
        1259.0,
        491.0
      ],
      [
        1259.0,
        506.0
      ],
      [
        1231.0,
        506.0
      ]
    ],
    "dots": [
      [
        1231.0,
        509.74145693565094
      ],
      [
        1238.8291764652995,
        511.96306710590835
      ],
      [
        1256.3350360124623,
        512.4113968708559
      ],
      [
        1259.0,
        512.665620944081
      ]
    ],
    "bg_cluster_id": 1,
    "center_x": 1245.0,
    "center_y": 498.5
  },
  {
    "index": 39,
    "text": "fiew",
    "confidence": 0.840535044670105,
    "box": [
      [
        125.0,
        8.0
      ],
      [
        140.0,
        8.0
      ],
      [
        140.0,
        17.0
      ],
      [
        125.0,
        17.0
      ]
    ],
    "dots": [
      [
        125.0,
        22.500035667213382
      ],
      [
        140.0,
        22.66073276479192
      ]
    ],
    "bg_cluster_id": 3,
    "center_x": 132.5,
    "center_y": 12.5
  },
  {
    "index": 40,
    "text": "A",
    "confidence": 0.8360795974731445,
    "box": [
      [
        1264.0,
        524.0
      ],
      [
        1273.0,
        524.0
      ],
      [
        1273.0,
        533.0
      ],
      [
        1264.0,
        533.0
      ]
    ],
    "dots": [
      [
        1264.0,
        536.6747968618414
      ],
      [
        1273.0,
        538.6845895531336
      ]
    ],
    "bg_cluster_id": 1,
    "center_x": 1268.5,
    "center_y": 528.5
  },
  {
    "index": 41,
    "text": "INFO]",
    "confidence": 0.8134344816207886,
    "box": [
      [
        487.0,
        659.0
      ],
      [
        519.0,
        659.0
      ],
      [
        519.0,
        668.0
      ],
      [
        487.0,
        668.0
      ]
    ],
    "dots": [
      [
        487.0,
        669.0
      ],
      [
        507.18051561907265,
        669.0
      ],
      [
        519.0,
        669.0
      ]
    ],
    "bg_cluster_id": 0,
    "center_x": 503.0,
    "center_y": 663.5
  },
  {
    "index": 42,
    "text": "[INFO]I",
    "confidence": 0.8075259327888489,
    "box": [
      [
        487.0,
        647.0
      ],
      [
        520.0,
        647.0
      ],
      [
        520.0,
        659.0
      ],
      [
        487.0,
        659.0
      ]
    ],
    "dots": [
      [
        487.0,
        660.0
      ],
      [
        507.27467550675794,
        660.0
      ],
      [
        520.0,
        661.4529420711663
      ]
    ],
    "bg_cluster_id": 0,
    "center_x": 503.5,
    "center_y": 653.0
  },
  {
    "index": 43,
    "text": ".json",
    "confidence": 0.7576635479927063,
    "box": [
      [
        1061.0,
        502.0
      ],
      [
        1088.0,
        502.0
      ],
      [
        1088.0,
        512.0
      ],
      [
        1061.0,
        512.0
      ]
    ],
    "dots": [
      [
        1061.0,
        514.2035511896427
      ],
      [
        1082.2202608783425,
        513.0
      ],
      [
        1088.0,
        513.1614569356509
      ]
    ],
    "bg_cluster_id": 1,
    "center_x": 1074.5,
    "center_y": 507.0
  },
  {
    "index": 44,
    "text": "8P",
    "confidence": 0.7166542410850525,
    "box": [
      [
        1231.0,
        506.0
      ],
      [
        1259.0,
        506.0
      ],
      [
        1259.0,
        520.0
      ],
      [
        1231.0,
        520.0
      ]
    ],
    "dots": [
      [
        1231.0,
        521.0
      ],
      [
        1252.6995300642973,
        522.4694016232761
      ],
      [
        1259.0,
        521.0
      ]
    ],
    "bg_cluster_id": 1,
    "center_x": 1245.0,
    "center_y": 513.0
  },
  {
    "index": 45,
    "text": "Hooy ayK",
    "confidence": 0.6954848766326904,
    "box": [
      [
        745.0,
        373.0
      ],
      [
        982.0,
        373.0
      ],
      [
        982.0,
        454.0
      ],
      [
        745.0,
        454.0
      ]
    ],
    "dots": [
      [
        745.0,
        460.8474942139643
      ],
      [
        762.4184116239802,
        458.05
      ],
      [
        788.168827669699,
        458.7553987626088
      ],
      [
        793.8880546740778,
        458.05
      ],
      [
        804.1004306346252,
        458.05
      ],
      [
        809.7164931415329,
        458.05
      ],
      [
        818.8193595696164,
        458.05
      ],
      [
        826.4869439824478,
        458.05
      ],
      [
        835.9987208276019,
        458.05
      ],
      [
        846.4008576218015,
        458.05
      ],
      [
        857.4197633501655,
        458.05
      ],
      [
        867.9415061961711,
        458.2490627077358
      ],
      [
        874.6854451810291,
        458.05
      ],
      [
        882.8571564096798,
        458.05
      ],
      [
        888.4744053524371,
        458.05
      ],
      [
        895.7315824337165,
        458.05
      ],
      [
        906.9431699647234,
        458.05
      ],
      [
        918.3168076691426,
        459.1624881130816
      ],
      [
        929.2220738183198,
        458.05
      ],
      [
        961.9543333388044,
        458.05
      ],
      [
        980.4980447752903,
        458.29315159698615
      ],
      [
        982.0,
        458.05
      ]
    ],
    "bg_cluster_id": 6,
    "center_x": 863.5,
    "center_y": 413.5
  },
  {
    "index": 46,
    "text": "K",
    "confidence": 0.6867350339889526,
    "box": [
      [
        477.0,
        568.0
      ],
      [
        492.0,
        568.0
      ],
      [
        492.0,
        580.0
      ],
      [
        477.0,
        580.0
      ]
    ],
    "dots": [
      [
        477.0,
        584.7937482952527
      ],
      [
        492.0,
        581.0
      ]
    ],
    "bg_cluster_id": 1,
    "center_x": 484.5,
    "center_y": 574.0
  },
  {
    "index": 47,
    "text": "A",
    "confidence": 0.5850183367729187,
    "box": [
      [
        1263.0,
        495.0
      ],
      [
        1272.0,
        495.0
      ],
      [
        1272.0,
        502.0
      ],
      [
        1263.0,
        502.0
      ]
    ],
    "dots": [
      [
        1263.0,
        506.2986288196199
      ],
      [
        1272.0,
        508.9331371788744
      ]
    ],
    "bg_cluster_id": 3,
    "center_x": 1267.5,
    "center_y": 498.5
  },
  {
    "index": 48,
    "text": "X",
    "confidence": 0.5374207496643066,
    "box": [
      [
        1240.0,
        475.0
      ],
      [
        1268.0,
        475.0
      ],
      [
        1268.0,
        484.0
      ],
      [
        1240.0,
        484.0
      ]
    ],
    "dots": [
      [
        1240.0,
        485.75255810455315
      ],
      [
        1254.3509975389322,
        488.4450577713187
      ],
      [
        1268.0,
        487.57100494268303
      ]
    ],
    "bg_cluster_id": 1,
    "center_x": 1254.0,
    "center_y": 479.5
  },
  {
    "index": 49,
    "text": "C",
    "confidence": 0.5269646048545837,
    "box": [
      [
        851.0,
        5.0
      ],
      [
        867.0,
        5.0
      ],
      [
        867.0,
        16.0
      ],
      [
        851.0,
        16.0
      ]
    ],
    "dots": [
      [
        851.0,
        18.54267888072531
      ],
      [
        867.0,
        20.124183257238563
      ]
    ],
    "bg_cluster_id": 1,
    "center_x": 859.0,
    "center_y": 10.5
  },
  {
    "index": 50,
    "text": "8P..",
    "confidence": 0.5260396003723145,
    "box": [
      [
        1231.0,
        520.0
      ],
      [
        1259.0,
        520.0
      ],
      [
        1259.0,
        535.0
      ],
      [
        1231.0,
        535.0
      ]
    ],
    "dots": [
      [
        1231.0,
        536.0
      ],
      [
        1258.7968056540653,
        536.0
      ],
      [
        1259.0,
        538.0547968618414
      ]
    ],
    "bg_cluster_id": 1,
    "center_x": 1245.0,
    "center_y": 527.5
  },
  {
    "index": 51,
    "text": "P",
    "confidence": 0.5139817595481873,
    "box": [
      [
        1232.0,
        537.0
      ],
      [
        1256.0,
        537.0
      ],
      [
        1256.0,
        548.0
      ],
      [
        1232.0,
        548.0
      ]
    ],
    "dots": [
      [
        1232.0,
        549.0
      ],
      [
        1242.6105852988212,
        549.8333239030467
      ],
      [
        1251.6895909050636,
        549.0
      ],
      [
        1256.0,
        549.0
      ]
    ],
    "bg_cluster_id": 1,
    "center_x": 1244.0,
    "center_y": 542.5
  },
  {
    "index": 52,
    "text": "",
    "confidence": -1.0,
    "box": [
      [
        109.0,
        5.0
      ],
      [
        125.0,
        5.0
      ],
      [
        125.0,
        20.0
      ],
      [
        109.0,
        20.0
      ]
    ],
    "dots": []
  },
  {
    "index": 53,
    "text": "",
    "confidence": -1.0,
    "box": [
      [
        140.0,
        5.0
      ],
      [
        200.0,
        5.0
      ],
      [
        200.0,
        20.0
      ],
      [
        140.0,
        20.0
      ]
    ],
    "dots": []
  },
  {
    "index": 54,
    "text": "",
    "confidence": -1.0,
    "box": [
      [
        261.0,
        5.0
      ],
      [
        596.0,
        5.0
      ],
      [
        596.0,
        20.0
      ],
      [
        261.0,
        20.0
      ]
    ],
    "dots": []
  },
  {
    "index": 55,
    "text": "",
    "confidence": -1.0,
    "box": [
      [
        695.0,
        5.0
      ],
      [
        851.0,
        5.0
      ],
      [
        851.0,
        20.0
      ],
      [
        695.0,
        20.0
      ]
    ],
    "dots": []
  },
  {
    "index": 56,
    "text": "",
    "confidence": -1.0,
    "box": [
      [
        356.0,
        41.0
      ],
      [
        713.0,
        41.0
      ],
      [
        713.0,
        60.0
      ],
      [
        356.0,
        60.0
      ]
    ],
    "dots": []
  },
  {
    "index": 57,
    "text": "",
    "confidence": -1.0,
    "box": [
      [
        415.0,
        373.0
      ],
      [
        745.0,
        373.0
      ],
      [
        745.0,
        454.0
      ],
      [
        415.0,
        454.0
      ]
    ],
    "dots": []
  },
  {
    "index": 58,
    "text": "",
    "confidence": -1.0,
    "box": [
      [
        947.0,
        491.0
      ],
      [
        1061.0,
        491.0
      ],
      [
        1061.0,
        520.0
      ],
      [
        947.0,
        520.0
      ]
    ],
    "dots": []
  },
  {
    "index": 59,
    "text": "",
    "confidence": -1.0,
    "box": [
      [
        1088.0,
        491.0
      ],
      [
        1231.0,
        491.0
      ],
      [
        1231.0,
        520.0
      ],
      [
        1088.0,
        520.0
      ]
    ],
    "dots": []
  },
  {
    "index": 60,
    "text": "",
    "confidence": -1.0,
    "box": [
      [
        743.0,
        517.0
      ],
      [
        1061.0,
        517.0
      ],
      [
        1061.0,
        536.0
      ],
      [
        743.0,
        536.0
      ]
    ],
    "dots": []
  },
  {
    "index": 61,
    "text": "",
    "confidence": -1.0,
    "box": [
      [
        1125.0,
        517.0
      ],
      [
        1231.0,
        517.0
      ],
      [
        1231.0,
        536.0
      ],
      [
        1125.0,
        536.0
      ]
    ],
    "dots": []
  },
  {
    "index": 62,
    "text": "",
    "confidence": -1.0,
    "box": [
      [
        209.0,
        568.0
      ],
      [
        477.0,
        568.0
      ],
      [
        477.0,
        586.0
      ],
      [
        209.0,
        586.0
      ]
    ],
    "dots": []
  },
  {
    "index": 63,
    "text": "",
    "confidence": -1.0,
    "box": [
      [
        100.0,
        583.0
      ],
      [
        1021.0,
        583.0
      ],
      [
        1021.0,
        605.0
      ],
      [
        100.0,
        605.0
      ]
    ],
    "dots": []
  },
  {
    "index": 64,
    "text": "",
    "confidence": -1.0,
    "box": [
      [
        149.0,
        614.0
      ],
      [
        409.0,
        614.0
      ],
      [
        409.0,
        639.0
      ],
      [
        149.0,
        639.0
      ]
    ],
    "dots": []
  },
  {
    "index": 65,
    "text": "",
    "confidence": -1.0,
    "box": [
      [
        644.0,
        614.0
      ],
      [
        1020.0,
        614.0
      ],
      [
        1020.0,
        639.0
      ],
      [
        644.0,
        639.0
      ]
    ],
    "dots": []
  },
  {
    "index": 66,
    "text": "",
    "confidence": -1.0,
    "box": [
      [
        863.0,
        635.0
      ],
      [
        1020.0,
        635.0
      ],
      [
        1020.0,
        659.0
      ],
      [
        863.0,
        659.0
      ]
    ],
    "dots": []
  },
  {
    "index": 67,
    "text": "",
    "confidence": -1.0,
    "box": [
      [
        156.0,
        656.0
      ],
      [
        412.0,
        656.0
      ],
      [
        412.0,
        671.0
      ],
      [
        156.0,
        671.0
      ]
    ],
    "dots": []
  }
]