{
  "image": "E:\\BOT ANK\\bot\\moje_AI\\yolov8\\FULL BOT\\data\\screen\\raw\\raw screen\\screen_20251212_180745_826266_rg_small.png",
  "total_elements": 93,
  "background_layout": {
    "clusters": [
      {
        "id": 0,
        "mean_rgb": [
          18,
          18,
          18
        ],
        "count": 55,
        "dist_to_global": 6.0
      },
      {
        "id": 11,
        "mean_rgb": [
          44,
          40,
          21
        ],
        "count": 1,
        "dist_to_global": 20.0
      },
      {
        "id": 1,
        "mean_rgb": [
          46,
          45,
          56
        ],
        "count": 19,
        "dist_to_global": 32.0
      },
      {
        "id": 4,
        "mean_rgb": [
          17,
          57,
          17
        ],
        "count": 4,
        "dist_to_global": 33.0
      },
      {
        "id": 10,
        "mean_rgb": [
          70,
          72,
          72
        ],
        "count": 1,
        "dist_to_global": 48.0
      },
      {
        "id": 5,
        "mean_rgb": [
          16,
          94,
          16
        ],
        "count": 2,
        "dist_to_global": 70.0
      },
      {
        "id": 2,
        "mean_rgb": [
          67,
          59,
          102
        ],
        "count": 5,
        "dist_to_global": 78.0
      },
      {
        "id": 8,
        "mean_rgb": [
          119,
          100,
          111
        ],
        "count": 1,
        "dist_to_global": 95.0
      },
      {
        "id": 6,
        "mean_rgb": [
          134,
          39,
          36
        ],
        "count": 1,
        "dist_to_global": 110.0
      },
      {
        "id": 7,
        "mean_rgb": [
          188,
          70,
          62
        ],
        "count": 1,
        "dist_to_global": 164.0
      },
      {
        "id": 9,
        "mean_rgb": [
          198,
          198,
          198
        ],
        "count": 1,
        "dist_to_global": 174.0
      },
      {
        "id": 3,
        "mean_rgb": [
          250,
          250,
          251
        ],
        "count": 2,
        "dist_to_global": 227.0
      }
    ],
    "main_cluster_id": 0
  },
  "top_labels": {
    "dropdown": {
      "id": "cand_90",
      "text": "X",
      "bbox": [
        20,
        142,
        37,
        158
      ],
      "score": 0.8275,
      "label": "dropdown"
    }
  }
}