{
  "image": "E:\\BOT ANK\\bot\\moje_AI\\yolov8\\FULL BOT\\data\\screen\\raw\\raw screen\\screen_20251211_163422_833776_rg_small.png",
  "total_elements": 38,
  "background_layout": {
    "clusters": [
      {
        "id": 7,
        "mean_rgb": [
          37,
          12,
          2
        ],
        "count": 1,
        "dist_to_global": 22.0
      },
      {
        "id": 0,
        "mean_rgb": [
          5,
          2,
          0
        ],
        "count": 10,
        "dist_to_global": 24.0
      },
      {
        "id": 1,
        "mean_rgb": [
          51,
          51,
          51
        ],
        "count": 18,
        "dist_to_global": 27.0
      },
      {
        "id": 5,
        "mean_rgb": [
          15,
          58,
          15
        ],
        "count": 3,
        "dist_to_global": 34.0
      },
      {
        "id": 3,
        "mean_rgb": [
          63,
          40,
          17
        ],
        "count": 1,
        "dist_to_global": 39.0
      },
      {
        "id": 6,
        "mean_rgb": [
          18,
          70,
          41
        ],
        "count": 1,
        "dist_to_global": 46.0
      },
      {
        "id": 8,
        "mean_rgb": [
          102,
          102,
          102
        ],
        "count": 1,
        "dist_to_global": 78.0
      },
      {
        "id": 4,
        "mean_rgb": [
          12,
          103,
          12
        ],
        "count": 1,
        "dist_to_global": 79.0
      },
      {
        "id": 2,
        "mean_rgb": [
          231,
          231,
          231
        ],
        "count": 2,
        "dist_to_global": 207.0
      }
    ],
    "main_cluster_id": 7
  },
  "top_labels": {
    "dropdown": {
      "id": "cand_23",
      "text": "Sobel,Magiera",
      "bbox": [
        769,
        532,
        891,
        552
      ],
      "score": 0.8275,
      "label": "dropdown"
    }
  }
}