{
  "image": "E:\\BOT ANK\\bot\\moje_AI\\yolov8\\FULL BOT\\data\\screen\\raw\\raw screen\\screen_20251209_205627_519045_rg_small.png",
  "total_elements": 92,
  "background_layout": {
    "clusters": [
      {
        "id": 0,
        "mean_rgb": [
          27,
          27,
          27
        ],
        "count": 72,
        "dist_to_global": 3.0
      },
      {
        "id": 1,
        "mean_rgb": [
          0,
          0,
          0
        ],
        "count": 4,
        "dist_to_global": 24.0
      },
      {
        "id": 6,
        "mean_rgb": [
          48,
          56,
          32
        ],
        "count": 1,
        "dist_to_global": 32.0
      },
      {
        "id": 5,
        "mean_rgb": [
          15,
          58,
          15
        ],
        "count": 4,
        "dist_to_global": 34.0
      },
      {
        "id": 4,
        "mean_rgb": [
          62,
          62,
          61
        ],
        "count": 7,
        "dist_to_global": 38.0
      },
      {
        "id": 2,
        "mean_rgb": [
          180,
          180,
          178
        ],
        "count": 1,
        "dist_to_global": 156.0
      },
      {
        "id": 3,
        "mean_rgb": [
          238,
          239,
          234
        ],
        "count": 3,
        "dist_to_global": 215.0
      }
    ],
    "main_cluster_id": 0
  },
  "top_labels": {
    "dropdown": {
      "id": "cand_60",
      "text": "Bedoes 2115,KubiProducent, Blacha2115,k.",
      "bbox": [
        199,
        494,
        443,
        507
      ],
      "score": 0.8836,
      "label": "dropdown"
    }
  }
}